{
  "experiment": "quantization_bf16",
  "device": "cuda",
  "model": "Qwen/Qwen2.5-1.5B-Instruct",
  "timestamp": "2026-04-09T20:02:07.949555+00:00",
  "config": {
    "precision": "bf16",
    "n_prompts": 50
  },
  "results": {
    "n_prompts": 50,
    "failed_results": 0,
    "perplexity": 1.9347613198591924,
    "ttft_ms": {
      "p50": 566.2837028503418,
      "p90": 1418.365859985352,
      "p95": 1735.7375383377075,
      "p99": 1744.4159650802612
    },
    "tps": {
      "p50": 212.2513107989605,
      "p90": 213.40884682204208,
      "p95": 213.5663177368168,
      "p99": 213.67532295665168
    },
    "throughput_total_tps": 1634.1212076438155
  }
}