{
  "experiment": "speculative_decoding",
  "device": "cuda",
  "target_model": "HuggingFaceTB/SmolLM2-1.7B-Instruct",
  "draft_model": "smollm2-135m",
  "n_speculative_tokens": 2,
  "timestamp": "2026-04-11T01:11:56.070361+00:00",
  "concurrency_levels": [
    2,
    8,
    32
  ],
  "results": [
    {
      "concurrency": 2,
      "n_requests": 50,
      "failed": 0,
      "ttft_ms": {
        "p50": 1310.0446462631226,
        "p90": 1812.4429464340212,
        "p95": 2281.357371807097,
        "p99": 3616.1545991897574,
        "mean": 1290.8130931854248
      },
      "tps_per_user": {
        "p50": 61.28943081487422,
        "p90": 70.48988443991449,
        "p95": 74.06984133914236,
        "p99": 82.0776193421876,
        "mean": 61.4776586367878
      },
      "throughput_total_tps": 100.78498665733333
    },
    {
      "concurrency": 8,
      "n_requests": 50,
      "failed": 0,
      "ttft_ms": {
        "p50": 1110.480546951294,
        "p90": 1439.8612499237063,
        "p95": 1598.3860611915586,
        "p99": 1870.250849723815,
        "mean": 1023.7554788589478
      },
      "tps_per_user": {
        "p50": 60.431881140841725,
        "p90": 67.92244857462597,
        "p95": 74.18037374492124,
        "p99": 79.77317008684788,
        "mean": 61.08074828368305
      },
      "throughput_total_tps": 275.33254078223365
    },
    {
      "concurrency": 32,
      "n_requests": 50,
      "failed": 0,
      "ttft_ms": {
        "p50": 1370.4270124435425,
        "p90": 2136.485457420349,
        "p95": 2612.080216407775,
        "p99": 3580.8353114128086,
        "mean": 1392.9984045028687
      },
      "tps_per_user": {
        "p50": 57.807187923045625,
        "p90": 70.08268819043268,
        "p95": 74.719732926693,
        "p99": 78.77174219930696,
        "mean": 58.8111118809969
      },
      "throughput_total_tps": 294.6259228991771
    }
  ]
}